name,url,image,price
"Pack of 2 Women Regular Fit Multicolor Viscose Rayon Trousers","https://www.flipkart.com/irha-regular-fit-women-multicolor-trousers/p/itmabbbbd8913d98?pid=TROHBHFUZVGYGCKA&lid=LSTTROHBHFUZVGYGCKAQILYPE&marketplace=FLIPKART&store=clo%2Fcfv%2Fmn6&srno=b_1_1&otracker=browse&fm=organic&iid=en_QyL7yc2xcLZBOBPCcUswMmU0BFrH9UGCU6S7WCSEGynXa6S6kSVOfyHFoC3iNjLH1R60oMqOUD2sblHSUPrZtg%3D%3D&ppt=None&ppn=None&ssid=2yh28ralmo0000001753563399207","https://rukminim2.flixcart.com/image/612/612/xif0q/trouser/v/z/u/m-nu-cmbo-wine-blk-irha-original-imahbhfrpkqajvjx.jpeg?q=70","467"
"Women Regular Fit White Viscose Rayon Trousers","https://www.flipkart.com/srp-collection-regular-fit-women-white-trousers/p/itmfb9717b2d899a?pid=TROH6ZVXZZ5UPGMK&lid=LSTTROH6ZVXZZ5UPGMK2I22DQ&marketplace=FLIPKART&store=clo%2Fcfv%2Fmn6&srno=b_1_2&otracker=browse&fm=organic&iid=en_QyL7yc2xcLZBOBPCcUswMmU0BFrH9UGCU6S7WCSEGykJ0VaOLLhz-4BMP39QMtewfYVBOQ7Qi5AMgz671gBs5w%3D%3D&ppt=None&ppn=None&ssid=2yh28ralmo0000001753563399207","https://rukminim2.flixcart.com/image/612/612/xif0q/trouser/z/f/h/32-ring-calcutta-fashion-original-imahcapzazyvagty.jpeg?q=70","290"
"Pack of 2 Women Relaxed Black Maroon Viscose Rayon Trousers","https://www.flipkart.com/4k-fashion-relaxed-women-black-maroon-trousers/p/itmca596d7dd30a8?pid=TROGYVJ4Z8UPSPQU&lid=LSTTROGYVJ4Z8UPSPQUQLBYUR&marketplace=FLIPKART&store=clo%2Fcfv%2Fmn6&srno=b_1_3&otracker=browse&fm=organic&iid=b9827940-d3bc-408a-80cd-34fc4b0fe038.TROGYVJ4Z8UPSPQU.SEARCH&ppt=None&ppn=None&ssid=2yh28ralmo0000001753563399207","https://rukminim2.flixcart.com/image/612/612/xif0q/trouser/h/6/q/l-print-006-4k-fashion-original-imagyvj4t4yb8gwn.jpeg?q=70","339"
"Women Regular Fit Dark Blue Lycra Blend Trousers","https://www.flipkart.com/libracreations-regular-fit-women-dark-blue-trousers/p/itm282a5d596b0cc?pid=TROHE4HZYJVJYW8U&lid=LSTTROHE4HZYJVJYW8UIFN90Q&marketplace=FLIPKART&store=clo%2Fcfv%2Fmn6&srno=b_1_4&otracker=browse&fm=organic&iid=b9827940-d3bc-408a-80cd-34fc4b0fe038.TROHE4HZYJVJYW8U.SEARCH&ppt=None&ppn=None&ssid=2yh28ralmo0000001753563399207","https://rukminim2.flixcart.com/image/612/612/xif0q/trouser/p/z/r/s-womentrouser-naaz-fashion-original-imahdmzcnqzxprke.jpeg?q=70","290"
"Pack of 2 Women Regular Fit Yellow Pink Viscose Rayon Trousers","https://www.flipkart.com/irha-regular-fit-women-yellow-pink-trousers/p/itmcd2af313e386b?pid=TROGRJ9HUZQUGXGF&lid=LSTTROGRJ9HUZQUGXGFA5K3G0&marketplace=FLIPKART&store=clo%2Fcfv%2Fmn6&srno=b_1_5&otracker=browse&fm=organic&iid=en_QyL7yc2xcLZBOBPCcUswMmU0BFrH9UGCU6S7WCSEGykgKq3-ZlbejDiTT-YGVMVqg0tg_qR7e4dTZ-OY3KjVRA%3D%3D&ppt=None&ppn=None&ssid=2yh28ralmo0000001753563399207","https://rukminim2.flixcart.com/image/612/612/xif0q/shopsy-trouser/p/r/y/free-palazoos-mustard-rani-palazzos-irha-original-imagqus7ykgzcdhd.jpeg?q=70","297"
"Women Flared Light Green Grey White Viscose Rayon Trousers","https://www.flipkart.com/emeros-flared-women-light-green-grey-white-trousers/p/itm5547ab9cef17b?pid=TROGWGUHVZRZYFG8&lid=LSTTROGWGUHVZRZYFG8CFK47D&marketplace=FLIPKART&store=clo%2Fcfv%2Fmn6&srno=b_1_6&otracker=browse&fm=organic&iid=en_QyL7yc2xcLZBOBPCcUswMmU0BFrH9UGCU6S7WCSEGynW4FZov8IRvwR_Y80mOKkxr6D00EHcS02JqvfDlg7q1Q%3D%3D&ppt=None&ppn=None&ssid=2yh28ralmo0000001753563399207","https://rukminim2.flixcart.com/image/612/612/xif0q/trouser/7/t/9/free-emz02090-emeros-original-imagwguhd2hbjtvy.jpeg?q=70","380"
"Women Regular Fit White Lycra Blend Trousers","https://www.flipkart.com/libracreations-regular-fit-women-white-trousers/p/itm59edf70c5dbaa?pid=TROHE4HPGMHYQXDR&lid=LSTTROHE4HPGMHYQXDR1EW0JE&marketplace=FLIPKART&store=clo%2Fcfv%2Fmn6&srno=b_1_7&otracker=browse&fm=organic&iid=b9827940-d3bc-408a-80cd-34fc4b0fe038.TROHE4HPGMHYQXDR.SEARCH&ppt=None&ppn=None&ssid=2yh28ralmo0000001753563399207","https://rukminim2.flixcart.com/image/612/612/xif0q/trouser/y/d/o/s-womentrouser-naaz-fashion-original-imahdmzcytmwk76r.jpeg?q=70","290"
"Women Regular Fit Black Lycra Blend Trousers","https://www.flipkart.com/libracreations-regular-fit-women-black-trousers/p/itm9572ce4f86981?pid=TROHE4HZ2KUEE4FU&lid=LSTTROHE4HZ2KUEE4FUDWMC2N&marketplace=FLIPKART&store=clo%2Fcfv%2Fmn6&srno=b_1_8&otracker=browse&fm=organic&iid=b9827940-d3bc-408a-80cd-34fc4b0fe038.TROHE4HZ2KUEE4FU.SEARCH&ppt=None&ppn=None&ssid=2yh28ralmo0000001753563399207","https://rukminim2.flixcart.com/image/612/612/xif0q/trouser/c/k/v/30-womentrouser38-naaz-fashion-original-imahdmzbrhcutxcz.jpeg?q=70","290"
"Women Regular Fit Black Lycra Blend Trousers","https://www.flipkart.com/libracreations-regular-fit-women-black-trousers/p/itm26712c47cd00a?pid=TROHE4HZYNFZUBY4&lid=LSTTROHE4HZYNFZUBY4BRU453&marketplace=FLIPKART&store=clo%2Fcfv%2Fmn6&srno=b_1_9&otracker=browse&fm=organic&iid=b9827940-d3bc-408a-80cd-34fc4b0fe038.TROHE4HZYNFZUBY4.SEARCH&ppt=None&ppn=None&ssid=2yh28ralmo0000001753563399207","https://rukminim2.flixcart.com/image/612/612/xif0q/trouser/j/b/q/l-womentrouser-naaz-fashion-original-imahdmzbjdcggezq.jpeg?q=70","290"
"Pack of 2 Women Flared Black Maroon Lycra Blend Trousers","https://www.flipkart.com/fashion-bazaar-flared-women-black-maroon-trousers/p/itm7fb00f82e07f8?pid=TROGGRHEH2MBTB7N&lid=LSTTROGGRHEH2MBTB7NQQOQ0H&marketplace=FLIPKART&store=clo%2Fcfv%2Fmn6&srno=b_1_10&otracker=browse&fm=organic&iid=b9827940-d3bc-408a-80cd-34fc4b0fe038.TROGGRHEH2MBTB7N.SEARCH&ppt=None&ppn=None&ssid=2yh28ralmo0000001753563399207","https://rukminim2.flixcart.com/image/612/612/xif0q/trouser/j/b/x/32-ppblack-maroon-fashion-bazaar-original-imah85z3szmpwntz.jpeg?q=70","383"
"Pack of 2 Women Comfort Fit Multicolor Cotton Blend Trousers","https://www.flipkart.com/sunbrust-with-device-comfort-fit-women-multicolor-trousers/p/itm84f943272dad8?pid=TROHD8NF6SEMQXWY&lid=LSTTROHD8NF6SEMQXWYGMNZFG&marketplace=FLIPKART&store=clo%2Fcfv%2Fmn6&srno=b_1_11&otracker=browse&fm=organic&iid=en_QyL7yc2xcLZBOBPCcUswMmU0BFrH9UGCU6S7WCSEGym3Dm1wLxa5W48flH_Hb3mpOnY-nRBWeCQpre2KwcmWFg%3D%3D&ppt=None&ppn=None&ssid=2yh28ralmo0000001753563399207","https://rukminim2.flixcart.com/image/612/612/xif0q/trouser/a/x/h/40-n-tota-plazo2-black-maroon-sunbrust-with-device-original-imahd8nffswkg7r6.jpeg?q=70","398"
"Women Flared Black Viscose Rayon Trousers","https://www.flipkart.com/crazetrend-flared-women-black-trousers/p/itm2b30e26647c8c?pid=TROGBTVZQYF4DHAJ&lid=LSTTROGBTVZQYF4DHAJOUJN6W&marketplace=FLIPKART&store=clo%2Fcfv%2Fmn6&srno=b_1_12&otracker=browse&fm=organic&iid=en_QyL7yc2xcLZBOBPCcUswMmU0BFrH9UGCU6S7WCSEGykLpN1nT1G5wxZjKazZBeChn5mcITzJwdhEMTWghhDmng%3D%3D&ppt=None&ppn=None&ssid=2yh28ralmo0000001753563399207","https://rukminim2.flixcart.com/image/612/612/xif0q/trouser/r/3/1/free-fk-black-flower-mirror2023-f-megastyle-original-imah3xsdvjvgsgzg.jpeg?q=70","323"
"Pack of 2 Women Relaxed Multicolor Lycra Blend Trousers","https://www.flipkart.com/gladly-relaxed-women-multicolor-trousers/p/itmc64e631123968?pid=TROFWEV6JSHQGHTZ&lid=LSTTROFWEV6JSHQGHTZYKALAJ&marketplace=FLIPKART&store=clo%2Fcfv%2Fmn6&srno=b_1_13&otracker=browse&fm=organic&iid=b9827940-d3bc-408a-80cd-34fc4b0fe038.TROFWEV6JSHQGHTZ.SEARCH&ppt=None&ppn=None&ssid=2yh28ralmo0000001753563399207","https://rukminim2.flixcart.com/image/612/612/xif0q/trouser/d/h/2/38-gladly33-35b-1-gladly-original-imagma8xnhphc3hd.jpeg?q=70","310"
"Women Relaxed White Viscose Rayon Trousers","https://www.flipkart.com/fambee-relaxed-women-white-trousers/p/itmd517053f2ff40?pid=TROGXYMEEDRHBWWM&lid=LSTTROGXYMEEDRHBWWMRNIVH3&marketplace=FLIPKART&store=clo%2Fcfv%2Fmn6&srno=b_1_14&otracker=browse&fm=organic&iid=b9827940-d3bc-408a-80cd-34fc4b0fe038.TROGXYMEEDRHBWWM.SEARCH&ppt=None&ppn=None&ssid=2yh28ralmo0000001753563399207","https://rukminim2.flixcart.com/image/612/612/xif0q/trouser/c/u/s/m-fambee-full-chicken-palazzo-02-fambee-original-imagxymdpgh9pxrn.jpeg?q=70","342"
"Women Regular Fit Maroon Lycra Blend Trousers","https://www.flipkart.com/libracreations-regular-fit-women-maroon-trousers/p/itma1a27e71fb44e?pid=TROHE4G8ZJPH46PW&lid=LSTTROHE4G8ZJPH46PW3UKMOY&marketplace=FLIPKART&store=clo%2Fcfv%2Fmn6&srno=b_1_15&otracker=browse&fm=organic&iid=b9827940-d3bc-408a-80cd-34fc4b0fe038.TROHE4G8ZJPH46PW.SEARCH&ppt=None&ppn=None&ssid=2yh28ralmo0000001753563399207","https://rukminim2.flixcart.com/image/612/612/xif0q/trouser/z/z/c/m-lb-trouser-w-12-libracreations-original-imahe4g8uhbyuztm.jpeg?q=70","290"
"Pack of 2 Women Regular Fit Maroon Green Crepe Trousers","https://www.flipkart.com/sark-fashions-regular-fit-women-maroon-green-trousers/p/itm05df49027e929?pid=TROGHAKPDXC8MGBX&lid=LSTTROGHAKPDXC8MGBXCRHSYM&marketplace=FLIPKART&store=clo%2Fcfv%2Fmn6&srno=b_1_16&otracker=browse&fm=organic&iid=b9827940-d3bc-408a-80cd-34fc4b0fe038.TROGHAKPDXC8MGBX.SEARCH&ppt=None&ppn=None&ssid=2yh28ralmo0000001753563399207","https://rukminim2.flixcart.com/image/612/612/xif0q/trouser/x/z/s/free-2pcs-combo-bottle-green-wine-sark-fashion-original-imaghakzxgjzkfje.jpeg?q=70","288"
"Women Regular Fit White Cotton Blend Trousers","https://www.flipkart.com/kavina-regular-fit-women-white-trousers/p/itmb106e77f604fb?pid=TROHE28JWKCJVHGZ&lid=LSTTROHE28JWKCJVHGZJ0IF4Y&marketplace=FLIPKART&store=clo%2Fcfv%2Fmn6&srno=b_1_17&otracker=browse&fm=organic&iid=en_QyL7yc2xcLZBOBPCcUswMmU0BFrH9UGCU6S7WCSEGyn_yKRqZdAL84CFGkOk60xizz8VXEpIBY0Jyx_21G4jtA%3D%3D&ppt=None&ppn=None&ssid=2yh28ralmo0000001753563399207","https://rukminim2.flixcart.com/image/612/612/xif0q/shopsy-trouser/x/o/8/xl-shopsy-00-2503-po1-white-palazzos-mikshaadesigner-original-imahbyjyspzramab.jpeg?q=70","329"
"Pack of 2 Women Regular Fit Multicolor Cotton Blend Trousers","https://www.flipkart.com/kavina-regular-fit-women-multicolor-trousers/p/itmbbe1ffc3952be?pid=TROHE28HGUFHBXEF&lid=LSTTROHE28HGUFHBXEF70QPIA&marketplace=FLIPKART&store=clo%2Fcfv%2Fmn6&srno=b_1_18&otracker=browse&fm=organic&iid=en_QyL7yc2xcLZBOBPCcUswMmU0BFrH9UGCU6S7WCSEGym5Zc5txcFzOZbtq0IntsNhiTM028n5O1u6y-ztPMqDyQ%3D%3D&ppt=None&ppn=None&ssid=2yh28ralmo0000001753563399207","https://rukminim2.flixcart.com/image/612/612/xif0q/trouser/u/x/n/l-00-2503-blue-maroon-po2-royalcrowns-original-imahb7v2msaxjqz8.jpeg?q=70","499"
"Pack of 2 Women Relaxed Black Maroon Viscose Rayon Trousers","https://www.flipkart.com/4k-fashion-relaxed-women-black-maroon-trousers/p/itm0cc9f62a41b86?pid=TROGV8F56XSKGAKM&lid=LSTTROGV8F56XSKGAKMLSK8ML&marketplace=FLIPKART&store=clo%2Fcfv%2Fmn6&srno=b_1_19&otracker=browse&fm=organic&iid=b9827940-d3bc-408a-80cd-34fc4b0fe038.TROGV8F56XSKGAKM.SEARCH&ppt=None&ppn=None&ssid=2yh28ralmo0000001753563399207","https://rukminim2.flixcart.com/image/612/612/xif0q/trouser/w/q/z/l-print-09-4k-fashion-original-imagv8f5nkgc6kmn.jpeg?q=70","347"
"Women Regular Fit White Lycra Blend Trousers","https://www.flipkart.com/libracreations-regular-fit-women-white-trousers/p/itmdf105237c48b6?pid=TROHE4G6BFWU2CDZ&lid=LSTTROHE4G6BFWU2CDZMB2HDN&marketplace=FLIPKART&store=clo%2Fcfv%2Fmn6&srno=b_1_20&otracker=browse&fm=organic&iid=b9827940-d3bc-408a-80cd-34fc4b0fe038.TROHE4G6BFWU2CDZ.SEARCH&ppt=None&ppn=None&ssid=2yh28ralmo0000001753563399207","https://rukminim2.flixcart.com/image/612/612/xif0q/trouser/l/o/v/26-womentrouser-naaz-fashion-original-imahdmzb4sgjzpey.jpeg?q=70","290"
"Pack of 2 Women Relaxed Maroon Black Lycra Blend Trousers","https://www.flipkart.com/mmtextiles-relaxed-women-maroon-black-trousers/p/itmaf01d6e34df1f?pid=TROGX4HWANASPUD6&lid=LSTTROGX4HWANASPUD6RQ7CPU&marketplace=FLIPKART&store=clo%2Fcfv%2Fmn6&srno=b_1_21&otracker=browse&fm=organic&iid=en_QyL7yc2xcLZBOBPCcUswMmU0BFrH9UGCU6S7WCSEGynOGolwcFp5nHPkApn0DtTH5sNZz_Ghg9SYDRDNHoMLuw%3D%3D&ppt=None&ppn=None&ssid=2yh28ralmo0000001753563399207","https://rukminim2.flixcart.com/image/612/612/xif0q/trouser/c/x/5/30-mmtextile63-mmtextiles-original-imagx4hwtprbxth8.jpeg?q=70","364"
"Pack of 3 Women Regular Fit Multicolor Polyester Trousers","https://www.flipkart.com/lecowar-regular-fit-women-multicolor-trousers/p/itma35cffca46e72?pid=TROH8YYEYRJY8TKD&lid=LSTTROH8YYEYRJY8TKD7V5WQU&marketplace=FLIPKART&store=clo%2Fcfv%2Fmn6&srno=b_1_22&otracker=browse&fm=organic&iid=en_QyL7yc2xcLZBOBPCcUswMmU0BFrH9UGCU6S7WCSEGymj8PL_98UIuEH6APSpWZXHrblvqpQEKcbmjoKa9aImTw%3D%3D&ppt=None&ppn=None&ssid=2yh28ralmo0000001753563399207","https://rukminim2.flixcart.com/image/612/612/xif0q/trouser/r/h/i/m-palazzo-806-mustard-grey-wine-lecowar-original-imah8yydhha8tcjj.jpeg?q=70","179"
"Women Flared White Black Viscose Rayon Trousers","https://www.flipkart.com/emeros-flared-women-white-black-trousers/p/itm16f0cb9d9aa01?pid=TROGNFK9X83JWFAF&lid=LSTTROGNFK9X83JWFAFJCEX7C&marketplace=FLIPKART&store=clo%2Fcfv%2Fmn6&spotlightTagId=default_BestsellerId_clo%2Fcfv%2Fmn6&srno=b_1_23&otracker=browse&fm=organic&iid=b9827940-d3bc-408a-80cd-34fc4b0fe038.TROGNFK9X83JWFAF.SEARCH&ppt=None&ppn=None&ssid=2yh28ralmo0000001753563399207","https://rukminim2.flixcart.com/image/612/612/xif0q/trouser/l/o/v/free-emz01961-emeros-original-imagnfk8yrb4pym8.jpeg?q=70","380"
"Women Slim Fit Black Viscose Rayon Trousers","https://www.flipkart.com/smartvision-slim-fit-women-black-trousers/p/itm44bdb38a48275?pid=TROGU5F4BXTGMDRD&lid=LSTTROGU5F4BXTGMDRDBHIFU1&marketplace=FLIPKART&store=clo%2Fcfv%2Fmn6&spotlightTagId=default_BestsellerId_clo%2Fcfv%2Fmn6&srno=b_1_24&otracker=browse&fm=organic&iid=b9827940-d3bc-408a-80cd-34fc4b0fe038.TROGU5F4BXTGMDRD.SEARCH&ppt=None&ppn=None&ssid=2yh28ralmo0000001753563399207","https://rukminim2.flixcart.com/image/612/612/xif0q/trouser/p/o/a/xxl-plazo-04-smartvision-original-imahdgqxfzfvmmgz.jpeg?q=70","220"
"Women Regular Fit Pink Cotton Blend Trousers","https://www.flipkart.com/hrk-industries-regular-fit-women-pink-trousers/p/itm8440059003283?pid=TROH4FGYGGVW4BFZ&lid=LSTTROH4FGYGGVW4BFZN20LES&marketplace=FLIPKART&store=clo%2Fcfv%2Fmn6&srno=b_1_25&otracker=browse&fm=organic&iid=en_QyL7yc2xcLZBOBPCcUswMmU0BFrH9UGCU6S7WCSEGyl2cy03Kqe9y4zXp1zg0v_5cSzlTq9Eiw4dYGc6xxJVLA%3D%3D&ppt=None&ppn=None&ssid=2yh28ralmo0000001753563399207","https://rukminim2.flixcart.com/image/612/612/xif0q/trouser/f/v/n/l-13112-hrk-industries-original-imahd9jqmjkxfkwg.jpeg?q=70","295"
"Women Flared Brown Viscose Rayon Trousers","https://www.flipkart.com/scube-designs-flared-women-brown-trousers/p/itmc837664499441?pid=TROH2Y4X5PQA4MMA&lid=LSTTROH2Y4X5PQA4MMAUUHHDP&marketplace=FLIPKART&store=clo%2Fcfv%2Fmn6&srno=b_1_26&otracker=browse&fm=organic&iid=b9827940-d3bc-408a-80cd-34fc4b0fe038.TROH2Y4X5PQA4MMA.SEARCH&ppt=None&ppn=None&ssid=2yh28ralmo0000001753563399207","https://rukminim2.flixcart.com/image/612/612/xif0q/trouser/2/q/7/free-sc-pl-702-palazzo-coffee-anarkali-free-scube-designs-original-imah2y4xwfug6g3p.jpeg?q=70","376"
"Women Flared Multicolor Blue Red White Viscose Rayon Trousers","https://www.flipkart.com/emeros-flared-women-multicolor-blue-red-white-trousers/p/itm2847f09a82c37?pid=TROGWGUHMV4UT3PT&lid=LSTTROGWGUHMV4UT3PTJDUSHF&marketplace=FLIPKART&store=clo%2Fcfv%2Fmn6&srno=b_1_27&otracker=browse&fm=organic&iid=en_QyL7yc2xcLZBOBPCcUswMmU0BFrH9UGCU6S7WCSEGymgQpdkqgz9MZjmU_dZiDlqPQPHT8QzkLPL1IrPPh6Bmw%3D%3D&ppt=None&ppn=None&ssid=2yh28ralmo0000001753563399207","https://rukminim2.flixcart.com/image/612/612/xif0q/trouser/c/c/h/free-emz02100-emeros-original-imagwguhxrr28xyb.jpeg?q=70","380"
"Women Relaxed Beige Cotton Silk Trousers","https://www.flipkart.com/fiorra-relaxed-women-beige-trousers/p/itm0ce9d4a8112e4?pid=TROH7USKKYDQGMWZ&lid=LSTTROH7USKKYDQGMWZKA0V8A&marketplace=FLIPKART&store=clo%2Fcfv%2Fmn6&srno=b_1_28&otracker=browse&fm=organic&iid=en_QyL7yc2xcLZBOBPCcUswMmU0BFrH9UGCU6S7WCSEGynTgTfmxis9xX9sgcXlKiA9HuNvFtkmJIEc1PENXNmL7A%3D%3D&ppt=None&ppn=None&ssid=2yh28ralmo0000001753563399207","https://rukminim2.flixcart.com/image/612/612/xif0q/trouser/n/l/h/s-btm001-plz-white-fiorra-original-imahd3uzhjjgadcw.jpeg?q=70","498"
"Pack of 2 Women Flared Red Black Lycra Blend Trousers","https://www.flipkart.com/anti-wrinkle-designer-flared-women-red-black-trousers/p/itm318f47fdc497f?pid=TROGSFX3BQBTR2EZ&lid=LSTTROGSFX3BQBTR2EZFSBSYO&marketplace=FLIPKART&store=clo%2Fcfv%2Fmn6&srno=b_1_29&otracker=browse&fm=organic&iid=b9827940-d3bc-408a-80cd-34fc4b0fe038.TROGSFX3BQBTR2EZ.SEARCH&ppt=None&ppn=None&ssid=2yh28ralmo0000001753563399207","https://rukminim2.flixcart.com/image/612/612/xif0q/trouser/c/a/x/30-plazo-maroonblack-aarifgarment-original-imah82kjf4xfu7qh.jpeg?q=70","411"
"Pack of 2 Women Relaxed Blue Maroon Viscose Rayon Trousers","https://www.flipkart.com/4k-fashion-relaxed-women-blue-maroon-trousers/p/itmf2a15867ac8cf?pid=TROGV8F5RNR8RGPC&lid=LSTTROGV8F5RNR8RGPCSYSZDM&marketplace=FLIPKART&store=clo%2Fcfv%2Fmn6&srno=b_1_30&otracker=browse&fm=organic&iid=b9827940-d3bc-408a-80cd-34fc4b0fe038.TROGV8F5RNR8RGPC.SEARCH&ppt=None&ppn=None&ssid=2yh28ralmo0000001753563399207","https://rukminim2.flixcart.com/image/612/612/xif0q/trouser/f/g/e/m-print-09-4k-fashion-original-imagv8f4ykbgryxx.jpeg?q=70","361"
"Pack of 3 Women Regular Fit Multicolor Cotton Blend Trousers","https://www.flipkart.com/mikshaa-regular-fit-women-multicolor-trousers/p/itm1ee6653159e97?pid=TROHBGFUZRVGPHDU&lid=LSTTROHBGFUZRVGPHDUFDXBB6&marketplace=FLIPKART&store=clo%2Fcfv%2Fmn6&srno=b_1_31&otracker=browse&fm=organic&iid=en_QyL7yc2xcLZBOBPCcUswMmU0BFrH9UGCU6S7WCSEGymm3x4JNWYNt6ZTBksx7D0rA74WHMHntzKRFFChJA4qtg%3D%3D&ppt=None&ppn=None&ssid=2yh28ralmo0000001753563399207","https://rukminim2.flixcart.com/image/612/612/xif0q/trouser/m/n/n/m-00-2503-pink-grey-green-po3-royalcrowns-original-imahb84zvxdgr7wf.jpeg?q=70","669"
"Women Flared White Viscose Rayon Trousers","https://www.flipkart.com/mensimpression-flared-women-white-trousers/p/itm3a519985ce36a?pid=TROGS9MHCFWKEAV4&lid=LSTTROGS9MHCFWKEAV4VFXGJZ&marketplace=FLIPKART&store=clo%2Fcfv%2Fmn6&srno=b_1_32&otracker=browse&fm=organic&iid=en_QyL7yc2xcLZBOBPCcUswMmU0BFrH9UGCU6S7WCSEGyliydoSUK0BtA9RnJ8TqIRQPkm9fQIJ70JoZKSdoWJ3zA%3D%3D&ppt=None&ppn=None&ssid=2yh28ralmo0000001753563399207","https://rukminim2.flixcart.com/image/612/612/kp036vk0/trouser/2/l/r/free-jft-p-02-jft-jaipur-fabtex-original-imag3bxfw9pvnf5k.jpeg?q=70","342"
"Women Regular Fit Maroon Lycra Blend Trousers","https://www.flipkart.com/libracreations-regular-fit-women-maroon-trousers/p/itm56bfbcec59a0c?pid=TROHE4HZEZHTDCNC&lid=LSTTROHE4HZEZHTDCNC2AE42J&marketplace=FLIPKART&store=clo%2Fcfv%2Fmn6&srno=b_1_33&otracker=browse&fm=organic&iid=b9827940-d3bc-408a-80cd-34fc4b0fe038.TROHE4HZEZHTDCNC.SEARCH&ppt=None&ppn=None&ssid=2yh28ralmo0000001753563399207","https://rukminim2.flixcart.com/image/612/612/xif0q/trouser/x/f/e/s-womentrouser-naaz-fashion-original-imahdmzbeghapfpk.jpeg?q=70","290"
"Women Regular Fit Purple Pure Cotton Trousers","https://www.flipkart.com/venitywave-regular-fit-women-purple-trousers/p/itm194ff49d2e03b?pid=TROGKS6YRVGZKZVK&lid=LSTTROGKS6YRVGZKZVK55UAGP&marketplace=FLIPKART&store=clo%2Fcfv%2Fmn6&srno=b_1_34&otracker=browse&fm=organic&iid=b9827940-d3bc-408a-80cd-34fc4b0fe038.TROGKS6YRVGZKZVK.SEARCH&ppt=None&ppn=None&ssid=2yh28ralmo0000001753563399207","https://rukminim2.flixcart.com/image/612/612/xif0q/trouser/j/c/6/l-vnty-002-venitywave-original-imah2n48brt6szyt.jpeg?q=70","207"
"Women Relaxed White Cotton Silk Trousers","https://www.flipkart.com/fiorra-relaxed-women-white-trousers/p/itme492979f78cf7?pid=TROH7VFFMUKJUKZC&lid=LSTTROH7VFFMUKJUKZCNPT0UH&marketplace=FLIPKART&store=clo%2Fcfv%2Fmn6&srno=b_1_35&otracker=browse&fm=organic&iid=en_QyL7yc2xcLZBOBPCcUswMmU0BFrH9UGCU6S7WCSEGylM86xGeYXNRX5mvMfjMqPUWTRmlyD4qFk_LscsmVVBRA%3D%3D&ppt=None&ppn=None&ssid=2yh28ralmo0000001753563399207","https://rukminim2.flixcart.com/image/612/612/xif0q/trouser/m/m/j/l-btm001-plz-white-fiorra-original-imahd3uzznafrhcp.jpeg?q=70","498"
"Women Flared Black Viscose Rayon Trousers","https://www.flipkart.com/trend-level-flared-women-black-trousers/p/itmef701b6731894?pid=TROGCZYDGMZGCXXP&lid=LSTTROGCZYDGMZGCXXPS9JXTZ&marketplace=FLIPKART&store=clo%2Fcfv%2Fmn6&srno=b_1_36&otracker=browse&fm=organic&iid=b9827940-d3bc-408a-80cd-34fc4b0fe038.TROGCZYDGMZGCXXP.SEARCH&ppt=None&ppn=None&ssid=2yh28ralmo0000001753563399207","https://rukminim2.flixcart.com/image/612/612/xif0q/trouser/z/1/3/10xl-plain-plusize-trend-level-original-imagczy2xsz4zshh-bb.jpeg?q=70","292"
"Women Regular Fit Black Cotton Blend Trousers","https://www.flipkart.com/tykun-regular-fit-women-black-trousers/p/itm2ee21b5caa776?pid=TROGW3R4F5YSYVHB&lid=LSTTROGW3R4F5YSYVHBRMGMZI&marketplace=FLIPKART&store=clo%2Fcfv%2Fmn6&srno=b_1_37&otracker=browse&fm=organic&iid=en_QyL7yc2xcLZBOBPCcUswMmU0BFrH9UGCU6S7WCSEGymGi0IghKMJjcdVraBPSHU5uc0LF4GvPgJXvfkADS6pLA%3D%3D&ppt=None&ppn=None&ssid=2yh28ralmo0000001753563399207","https://rukminim2.flixcart.com/image/612/612/xif0q/trouser/e/m/y/28-women-trouser-tykun-original-imah7fbzgkjqhzzt.jpeg?q=70","297"
"Pack of 2 Women Regular Fit Black Purple Viscose Rayon Trousers","https://www.flipkart.com/kwsh-regular-fit-women-black-purple-trousers/p/itm31a714a97393c?pid=TROHDUK8ZH7CAZS4&lid=LSTTROHDUK8ZH7CAZS46J1JZV&marketplace=FLIPKART&store=clo%2Fcfv%2Fmn6&srno=b_1_38&otracker=browse&fm=organic&iid=en_QyL7yc2xcLZBOBPCcUswMmU0BFrH9UGCU6S7WCSEGynb3vj6q_EJ4w59w7JcFP2Tjn9jCqESqVD8c0k8DGwxHA%3D%3D&ppt=None&ppn=None&ssid=2yh28ralmo0000001753563399207","https://rukminim2.flixcart.com/image/612/612/xif0q/trouser/n/a/k/5xl-plz-khjuri-blk-wine-kwsh-original-imahduk8gf8p4gdt.jpeg?q=70","479"
"Women Regular Fit White Lycra Blend Trousers","https://www.flipkart.com/libracreations-regular-fit-women-white-trousers/p/itm6e92f54ab85d8?pid=TROHE4HPSFEJHHK7&lid=LSTTROHE4HPSFEJHHK7KAO756&marketplace=FLIPKART&store=clo%2Fcfv%2Fmn6&srno=b_1_39&otracker=browse&fm=organic&iid=b9827940-d3bc-408a-80cd-34fc4b0fe038.TROHE4HPSFEJHHK7.SEARCH&ppt=None&ppn=None&ssid=2yh28ralmo0000001753563399207","https://rukminim2.flixcart.com/image/612/612/xif0q/trouser/8/8/k/28-womentrouser123-naaz-fashion-original-imahdmzbhdyjk3gj.jpeg?q=70","290"
"Pack of 2 Women Regular Fit Maroon Black Cotton Blend Trousers","https://www.flipkart.com/big-hub-regular-fit-women-maroon-black-trousers/p/itm98d0f7a3ef57c?pid=TROH8XPBYHK88MAP&lid=LSTTROH8XPBYHK88MAPGQUHAZ&marketplace=FLIPKART&store=clo%2Fcfv%2Fmn6&spotlightTagId=default_TrendingId_clo%2Fcfv%2Fmn6&srno=b_1_40&otracker=browse&fm=organic&iid=b9827940-d3bc-408a-80cd-34fc4b0fe038.TROH8XPBYHK88MAP.SEARCH&ppt=None&ppn=None&ssid=2yh28ralmo0000001753563399207","https://rukminim2.flixcart.com/image/612/612/xif0q/trouser/c/y/t/36-relaxed-fit-for-all-day-comfort-zarmin-original-imah8vhdmh9ggu7v.jpeg?q=70","336"
