product name,url,image url,,,,Price
Casual Regular Sleeves Printed Women Red Top,https://fkrt.cc/g1nnvVG,https://rukminim2.flixcart.com/image/612/612/xif0q/top/m/1/d/s-mtr-printed-top-metronaut-original-imahbt5hnywtywa6.jpeg?q=70,,,,? 299
Party Sleeveless Floral Print Women Red Top,https://fkrt.cc/gAVqRjq,https://rukminim2.flixcart.com/image/612/612/xif0q/top/g/l/r/s-1-dwd1134-deewa-original-imah4f9hv9gdyhqk.jpeg?q=70,,,,? 415
Casual Regular Sleeves Striped Women Red Top,https://fkrt.cc/gSV1sDy,https://rukminim2.flixcart.com/image/612/612/ksqeky80/top/f/a/a/xl-sw19es80-suiwal-s-original-imag68kzbgpsyhvp.jpeg?q=70,,,,? 279
Casual Regular Sleeves Solid Women Red Top,https://fkrt.cc/gSeWGdl,https://rukminim2.flixcart.com/image/612/612/xif0q/top/v/a/b/xl-1-top93-pittra4ever-original-imahefftkxzneptc.jpeg?q=70,,,,? 417
Casual Regular Sleeves Floral Print Women Red Top,https://fkrt.cc/gbsA5x9,https://rukminim2.flixcart.com/image/612/612/xif0q/top/m/y/z/s-1-tops-indi-trend-karn-kawach-original-imahdsgxctge8yph.jpeg?q=70,,,,? 336
Casual Regular Sleeves Printed Women Red Top,https://fkrt.cc/gOktUh3,https://rukminim2.flixcart.com/image/612/612/xif0q/top/5/h/e/s-1-ast-05-aspiretext-original-imahdwckuvk3fmjz.jpeg?q=70,,,,? 284
Casual Regular Sleeves Solid Women Red Top,https://fkrt.cc/gXb7gUk,https://rukminim2.flixcart.com/image/612/612/xif0q/top/z/i/9/xl-1-top94-pittra4ever-original-imahefftcvrdjh9j.jpeg?q=70,,,,? 417
"Casual Regular Sleeves Printed Women Dark Blue, Red Top",https://fkrt.cc/gl1Hk1s,https://rukminim2.flixcart.com/image/612/612/xif0q/top/e/p/l/xl-1-camel-rama-2261-kinjo-original-imahe3h5nchhavfb.jpeg?q=70,,,,? 451
"Party Sleeveless Floral Print Women Black, Red Top",https://fkrt.cc/goxZVgH,https://rukminim2.flixcart.com/image/612/612/xif0q/top/x/u/4/l-1-mtk-pumpum-top-sirari-original-imahe4cfzhknrj2e.jpeg?q=70,,,,? 299
Girls Casual Cotton Blend Top,https://fkrt.cc/gzGx0yM,https://rukminim2.flixcart.com/image/612/612/xif0q/kids-nightwear/d/l/r/7-8-years-hdkl01-hdkfashion-original-imahavkmrbfjtpgb.jpeg?q=70,,,,? 200
Party Regular Sleeves Printed Women Red Top,https://fkrt.cc/glaXwM5,https://rukminim2.flixcart.com/image/612/612/xif0q/top/t/g/j/m-1-top-red-lakdas-original-imahd9gshjqd5rj3.jpeg?q=70,,,,? 299
Casual Regular Sleeves Solid Women Red Top,https://fkrt.cc/gMedAFC,https://rukminim2.flixcart.com/image/612/612/xif0q/top/n/a/z/xl-top-apple-new-red-dream-beauty-fashion-original-imah2gg3xhchgufh.jpeg?q=70,,,,? 224
"Casual Puff Sleeves Floral Print Women Red, Green, White Top",https://fkrt.cc/gf8ukCD,https://rukminim2.flixcart.com/image/612/612/xif0q/top/v/h/y/xl-1-1034-fs-leoty-original-imagzy3m3fuzjvgs.jpeg?q=70,,,,? 299
Girls Casual Cotton Blend Top,https://fkrt.cc/gyDSQOb,https://rukminim2.flixcart.com/image/612/612/xif0q/kids-t-shirt/p/y/1/11-12-years-ltp3-vp-texx-original-imah7z8ewpjpppny.jpeg?q=70,,,,? 200
Casual Regular Sleeves Solid Women Red Top,https://fkrt.cc/gedLLZh,https://rukminim2.flixcart.com/image/612/612/xif0q/top/h/o/r/xl-1-top90-pittra4ever-original-imahefftgwzgrchw.jpeg?q=70,,,,? 417
Girls Casual Pure Cotton Top,https://fkrt.cc/gUz0z6t,https://rukminim2.flixcart.com/image/612/612/xif0q/kids-top/j/f/6/3-4-years-onl19032312-wcry-ginie-original-imahccfr7h3xafpj.jpeg?q=70,,,,? 177
Party Sleeveless Printed Women Red Top,https://fkrt.cc/g1EUAcj,https://rukminim2.flixcart.com/image/612/612/xif0q/top/m/y/s/m-75aktp-ak-fusion-original-imah2eazpufnggu4.jpeg?q=70,,,,? 248
Party Raglan Sleeves Solid Women Red Top,https://fkrt.cc/g5dADgb,https://rukminim2.flixcart.com/image/612/612/xif0q/top/j/a/l/s-1-latest-classic-modern-women-western-wear-top-tunics-black-original-imahecchfygudx3u.jpeg?q=70,,,,? 399
Casual Sleeveless Printed Women Red Top,https://fkrt.cc/gkGsyN9,https://rukminim2.flixcart.com/image/612/612/xif0q/top/6/e/r/xxl-1-red-bandej-top-tuncis-003-renqiran-original-imahbzjgqmd4qtbr.jpeg?q=70,,,,? 250
Casual Regular Sleeves Self Design Women Red Top,https://fkrt.cc/g33Zg59,https://rukminim2.flixcart.com/image/612/612/xif0q/top/e/5/t/m-1-top-009-red-chitra-style-original-imahe2y5zhfhsye7.jpeg?q=70,,,,? 299
Casual Puff Sleeves Solid Women Red Top,https://fkrt.cc/gJn7euj,https://rukminim2.flixcart.com/image/612/612/xif0q/top/e/t/v/m-1-top-sofia-red-dream-beauty-fashion-original-imahbdevxrfstqur.jpeg?q=70,,,,? 224
Casual Regular Sleeves Floral Print Women Red Top,https://fkrt.cc/gUk8anT,https://rukminim2.flixcart.com/image/612/612/xif0q/top/1/b/3/l-1-tops-indi-trend-karn-kawach-original-imahdsgxuzfdt2b9.jpeg?q=70,,,,? 336
Casual Sleeveless Solid Women Red Top,https://fkrt.cc/gHFYG7d,https://rukminim2.flixcart.com/image/612/612/xif0q/top/6/b/e/xl-1-qe12001-quintessentials-original-imahbysqadpyarm5.jpeg?q=70,,,,? 257
Girls Casual Polyester A-line Top,https://fkrt.cc/gWINGot,https://rukminim2.flixcart.com/image/612/612/xif0q/kids-top/k/a/m/7-8-years-ck20230926-cutiekins-original-imahby3jv8kafttg.jpeg?q=70,,,,? 335
Casual Regular Sleeves Embroidered Women Red Top,https://fkrt.cc/gZmymJy,https://rukminim2.flixcart.com/image/612/612/xif0q/top/z/i/y/s-1-tunics-red-ansh-original-imahdqy8y8kpnmcj.jpeg?q=70,,,,? 325
Girls Casual Pure Cotton Top,https://fkrt.cc/gWbqhSG,https://rukminim2.flixcart.com/image/612/612/xif0q/kids-top/5/a/h/8-9-years-21145-821-ginie-original-imah6s5zc2hd46hg.jpeg?q=70,,,,? 196
Casual Regular Sleeves Printed Women Red Top,https://fkrt.cc/g1gWeT7,https://rukminim2.flixcart.com/image/612/612/xif0q/top/x/8/e/l-1-1100-shortkurtas-sangouri-original-imahdtdtqf8t8gcu.jpeg?q=70,,,,? 255
Casual Regular Sleeves Striped Women Red Top,https://fkrt.cc/g5mQOcD,https://rukminim2.flixcart.com/image/612/612/xif0q/top/l/n/5/xl-1-sc-rib-maroon-xl-paul-collection-original-imahbgx927czcrcx.jpeg?q=70,,,,? 189
Casual Regular Sleeves Printed Women Red Top,https://fkrt.cc/g6hu9MH,https://rukminim2.flixcart.com/image/612/612/xif0q/top/7/a/l/l-1-stylish-hand-block-printed-top-ag133-neerafashion-original-imahb5pzv9tetuhy.jpeg?q=70,,,,? 288
Casual Regular Sleeves Solid Women Red Top,https://fkrt.cc/gYmnvpq,https://rukminim2.flixcart.com/image/612/612/xif0q/top/p/e/v/3xl-top-10029-leoty-original-imah3a7zkhxczacp.jpeg?q=70,,,,? 299
Casual Regular Sleeves Printed Women Red Top,https://fkrt.cc/gi62f7c,https://rukminim2.flixcart.com/image/612/612/xif0q/top/p/n/k/xs-gbk1480-god-bless-original-imah2v2etjnquvb4.jpeg?q=70,,,,? 447
Casual Regular Sleeves Printed Women Red Top,https://fkrt.cc/gzZJtVK,https://rukminim2.flixcart.com/image/612/612/xif0q/top/n/n/y/m-kd-777-k-d-f-original-imah4x56hnxguybg.jpeg?q=70,,,,? 240
"Pack of 2 Casual Sleeveless Solid Women Black, Red Top",https://fkrt.cc/g0Q76vx,https://rukminim2.flixcart.com/image/612/612/xif0q/top/n/o/g/xxl-2-mk-w-tnk-top-blk-red-2p-mimmy-kids-original-imahe4hkyw4p56yj.jpeg?q=70,,,,? 408
Girls Casual Pure Cotton Crop Top,https://fkrt.cc/g6iuHnJ,https://rukminim2.flixcart.com/image/612/612/xif0q/kids-top/u/c/x/5-6-years-21140-805-ginie-original-imagqgk5vfafcj4m.jpeg?q=70,,,,? 184
"Casual Regular Sleeves Striped Women Red, Orange Top",https://fkrt.cc/gj8twIt,https://rukminim2.flixcart.com/image/612/612/xif0q/top/y/e/v/l-1-204-osjs-original-imahe3eqwndgjgca.jpeg?q=70,,,,? 189
Girls Casual Cotton Blend Top,https://fkrt.cc/gq4MFmT,https://rukminim2.flixcart.com/image/612/612/top/a/n/y/zcgt-004-pc4-04-clever-8-9-years-original-imaefjrzhx3gahbz.jpeg?q=70,,,,? 172
Casual Regular Sleeves Striped Women Red Top,https://fkrt.cc/gIdMYM6,https://rukminim2.flixcart.com/image/612/612/xif0q/top/z/k/w/s-1-sc-rib-pink-s-paul-collection-original-imahbgx62kjfzudb.jpeg?q=70,,,,? 189
Casual Cap Sleeves Embroidered Women Red Top,https://fkrt.cc/gqpRR8S,https://rukminim2.flixcart.com/image/612/612/xif0q/top/x/f/k/s-veskpa22recrimson-max-original-imagghn2hzvbzqkk.jpeg?q=70,,,,? 399
Girls Casual Cotton Rayon Blend Top,https://fkrt.cc/gfolqcG,https://rukminim2.flixcart.com/image/612/612/xif0q/kids-top/l/6/c/3-4-years-cutiepie-stylish-girls-tops-jhilikgarments-original-imahfv5uct7phg2v.jpeg?q=70,,,,? 351
Girls Cotton Silk Fashion Sleeve Top,https://fkrt.cc/gBQ6vek,https://rukminim2.flixcart.com/image/612/612/xif0q/kids-top/w/w/v/7-8-years-1pcs-girls-dtf-t-shirt-7-8-red-102-kwitchy-original-imahd7bmmzgqw55m.jpeg?q=70,,,,? 249
