product name,url,image url
Women Solid Crew Neck Cotton Blend Dark Green T-Shirt,https://www.flipkart.com/dollar-solid-women-crew-neck-dark-green-t-shirt/p/itm92c66d35fd482?pid=TSHH3WZKNSAHJF7J&lid=LSTTSHH3WZKNSAHJF7JLXSFVZ&marketplace=FLIPKART&store=clo%2Fash&srno=b_1_1&otracker=browse&fm=organic&iid=en_bqNBgaV2oSUa-MzVtoy7UVF85TKVY5L8JbrZQ4EtKidc4oZKo9Jzz9Ihde6Xff2frC93RWMopwJ6vzLukyWdvQ%3D%3D&ppt=None&ppn=None&ssid=neoukak5o00000001753527898561,https://rukminim2.flixcart.com/image/612/612/xif0q/t-shirt/s/7/i/-original-imah77nhzp6pzupz.jpeg?q=70
Women Solid Crew Neck Cotton Blend Black T-Shirt,https://www.flipkart.com/dollar-solid-women-crew-neck-black-t-shirt/p/itmd98e01dae4b84?pid=TSHH3WZKH4BJZFHQ&lid=LSTTSHH3WZKH4BJZFHQQENAXT&marketplace=FLIPKART&store=clo%2Fash&srno=b_1_2&otracker=browse&fm=organic&iid=en_bqNBgaV2oSUa-MzVtoy7UVF85TKVY5L8JbrZQ4EtKicRvr8DcSaBb2aYY0JAM6t14nE_b7IwvtZrfoPTwh-Xzw%3D%3D&ppt=None&ppn=None&ssid=neoukak5o00000001753527898561,https://rukminim2.flixcart.com/image/612/612/xif0q/t-shirt/d/5/l/-original-imah77nhhyujdx3b.jpeg?q=70
Casual Flared Sleeves Solid Women Black Top,https://www.flipkart.com/anamwear-casual-solid-women-black-top/p/itm800ead3d8cf87?pid=TOPH6V3HBF4HDBYH&lid=LSTTOPH6V3HBF4HDBYHJCFWUU&marketplace=FLIPKART&store=clo%2Fash&srno=b_1_3&otracker=browse&fm=organic&iid=4856b963-7f4a-4ced-8766-de78bd31fd2f.TOPH6V3HBF4HDBYH.SEARCH&ppt=None&ppn=None&ssid=neoukak5o00000001753527898561,https://rukminim2.flixcart.com/image/612/612/xif0q/top/x/t/1/xxl-1-v-neck-black-top-s-anamwear-original-imahec5rvjspg53z.jpeg?q=70
Women Printed Round Neck Pure Cotton White T-Shirt,https://www.flipkart.com/hipop-printed-women-round-neck-white-t-shirt/p/itmcb80a51a47cf6?pid=TSHH4S7MTQNYTEHP&lid=LSTTSHH4S7MTQNYTEHPIIXUB1&marketplace=FLIPKART&store=clo%2Fash&srno=b_1_4&otracker=browse&fm=organic&iid=4856b963-7f4a-4ced-8766-de78bd31fd2f.TSHH4S7MTQNYTEHP.SEARCH&ppt=None&ppn=None&ssid=neoukak5o00000001753527898561,https://rukminim2.flixcart.com/image/612/612/xif0q/t-shirt/7/j/x/s-california-white-hipop-original-imah5tzbzyyuyhzy.jpeg?q=70
Oversized Women Solid Round Neck Pure Cotton Red T-Shirt,https://www.flipkart.com/juneberry-solid-women-round-neck-red-t-shirt/p/itm810b29044c02c?pid=TSHH2QCUGHUYQGTS&lid=LSTTSHH2QCUGHUYQGTSORDJE9&marketplace=FLIPKART&store=clo%2Fash&srno=b_1_5&otracker=browse&fm=organic&iid=en_bqNBgaV2oSUa-MzVtoy7UVF85TKVY5L8JbrZQ4EtKieJsF6FKiPZxNMFXIgT3iExW4hTGFmgxjR-edTyoJolPQ%3D%3D&ppt=None&ppn=None&ssid=neoukak5o00000001753527898561,https://rukminim2.flixcart.com/image/612/612/xif0q/t-shirt/e/f/m/s-os-jb-red-s-juneberry-original-imahcas4zwsjq26s.jpeg?q=70
Women Solid Crew Neck Cotton Blend White T-Shirt,https://www.flipkart.com/dollar-solid-women-crew-neck-white-t-shirt/p/itmc55a10715d97e?pid=TSHH3WZKCXWRNW5Z&lid=LSTTSHH3WZKCXWRNW5ZPBBKWQ&marketplace=FLIPKART&store=clo%2Fash&srno=b_1_6&otracker=browse&fm=organic&iid=en_bqNBgaV2oSUa-MzVtoy7UVF85TKVY5L8JbrZQ4EtKif-kItLm864ROhSrSjFNd-DRW6yNsOhTshYf0r0kqA0qQ%3D%3D&ppt=None&ppn=None&ssid=neoukak5o00000001753527898561,https://rukminim2.flixcart.com/image/612/612/xif0q/t-shirt/q/0/w/-original-imah77nhrrnca7gv.jpeg?q=70
Formal Regular Sleeves Floral Print Women Pink Top,https://www.flipkart.com/vrishabhanulali-formal-floral-print-women-pink-top/p/itm7b4a858433faa?pid=TOPH5THEZGY2H9KP&lid=LSTTOPH5THEZGY2H9KPVL4EDT&marketplace=FLIPKART&store=clo%2Fash&spotlightTagId=default_BestsellerId_clo%2Fash&srno=b_1_7&otracker=browse&fm=organic&iid=4856b963-7f4a-4ced-8766-de78bd31fd2f.TOPH5THEZGY2H9KP.SEARCH&ppt=None&ppn=None&ssid=neoukak5o00000001753527898561,https://rukminim2.flixcart.com/image/612/612/xif0q/top/4/a/x/m-pink003-vrishabhanulali-original-imah5thdjhyagzzm.jpeg?q=70
Casual Regular Sleeves Printed Women Multicolor Top,https://www.flipkart.com/paliwalarts-casual-printed-women-multicolor-top/p/itm87a11bd0113d8?pid=TOPGX8MXA38MHP3J&lid=LSTTOPGX8MXA38MHP3JLU7HBG&marketplace=FLIPKART&store=clo%2Fash&spotlightTagId=default_BestsellerId_clo%2Fash&srno=b_1_8&otracker=browse&fm=organic&iid=4856b963-7f4a-4ced-8766-de78bd31fd2f.TOPGX8MXA38MHP3J.SEARCH&ppt=None&ppn=None&ssid=neoukak5o00000001753527898561,https://rukminim2.flixcart.com/image/612/612/xif0q/top/0/w/9/xl-pali-wal-01-paliwalarts-original-imagx8mgs6kckkxm.jpeg?q=70
Women Printed Round Neck Polyester Black T-Shirt,https://www.flipkart.com/hrx-hrithik-roshan-printed-women-round-neck-black-t-shirt/p/itm54072ee7b28e8?pid=TSHHBS2A7GYGBE7Y&lid=LSTTSHHBS2A7GYGBE7YCTWWZY&marketplace=FLIPKART&store=clo%2Fash&srno=b_1_9&otracker=browse&fm=organic&iid=4856b963-7f4a-4ced-8766-de78bd31fd2f.TSHHBS2A7GYGBE7Y.SEARCH&ppt=None&ppn=None&ssid=neoukak5o00000001753527898561,https://rukminim2.flixcart.com/image/612/612/xif0q/t-shirt/j/h/y/m-22540042-hrx-by-hrithik-roshan-original-imahbs2awuvf7apz.jpeg?q=70
Women Boxy Fit Graphic Print Lapel Collar Casual Shirt,https://www.flipkart.com/ekasya-women-graphic-print-casual-multicolor-shirt/p/itm71ab97b1206de?pid=SHTH9C7JPGHRVEGR&lid=LSTSHTH9C7JPGHRVEGRXTVG4V&marketplace=FLIPKART&store=clo%2Fash&srno=b_1_10&otracker=browse&fm=organic&iid=4856b963-7f4a-4ced-8766-de78bd31fd2f.SHTH9C7JPGHRVEGR.SEARCH&ppt=None&ppn=None&ssid=neoukak5o00000001753527898561,https://rukminim2.flixcart.com/image/612/612/xif0q/shirt/r/x/k/xl-e1730-5-ekasya-original-imahckxp2ucg2c2a.jpeg?q=70
Women Solid Polo Neck Cotton Blend Black T-Shirt,https://www.flipkart.com/dollar-solid-women-polo-neck-black-t-shirt/p/itm5c04d83835f48?pid=TSHH3WTFZDHMXH5R&lid=LSTTSHH3WTFZDHMXH5RUK6CQP&marketplace=FLIPKART&store=clo%2Fash&srno=b_1_11&otracker=browse&fm=organic&iid=en_bqNBgaV2oSUa-MzVtoy7UVF85TKVY5L8JbrZQ4EtKieiyar9vbh7Bd5G_VN5WFsLSvXaFD8HLnfqeauUuIHfsg%3D%3D&ppt=None&ppn=None&ssid=neoukak5o00000001753527898561,https://rukminim2.flixcart.com/image/612/612/xif0q/t-shirt/l/x/d/-original-imah77nhhfy9zzad.jpeg?q=70
Boyfriend Oversized Women Solid Round Neck Pure Cotton Blue T-Shirt,https://www.flipkart.com/juneberry-solid-women-round-neck-blue-t-shirt/p/itmc8bebaa45ccf5?pid=TSHHFKYQAFGK4HAV&lid=LSTTSHHFKYQAFGK4HAVEQQQNY&marketplace=FLIPKART&store=clo%2Fash&srno=b_1_12&otracker=browse&fm=organic&iid=en_bqNBgaV2oSUa-MzVtoy7UVF85TKVY5L8JbrZQ4EtKiceDxS4NNS3fAynTnxuvTNXitN4iv35fpYr_tXj7Rv7YA%3D%3D&ppt=None&ppn=None&ssid=neoukak5o00000001753527898561,https://rukminim2.flixcart.com/image/612/612/xif0q/t-shirt/m/3/q/s-jts0324pl39-juneberry-original-imahfkyqgzcf2ymg.jpeg?q=70
Women Regular Fit Self Design Button Down Collar Casual Shirt,https://www.flipkart.com/sheetal-associates-women-self-design-casual-pink-shirt/p/itm4d4f633f9e00a?pid=SHTH49Y2MP8QN4XU&lid=LSTSHTH49Y2MP8QN4XURXPEDV&marketplace=FLIPKART&store=clo%2Fash&srno=b_1_13&otracker=browse&fm=organic&iid=4856b963-7f4a-4ced-8766-de78bd31fd2f.SHTH49Y2MP8QN4XU.SEARCH&ppt=None&ppn=None&ssid=neoukak5o00000001753527898561,https://rukminim2.flixcart.com/image/612/612/xif0q/shirt/w/3/2/xxl-a15064-sheetal-associates-original-imah49y26mzgsby3.jpeg?q=70
Party Regular Sleeves Embroidered Women Multicolor Top,https://www.flipkart.com/mahira-s-comfort-party-embroidered-women-multicolor-top/p/itma21f68a7fe582?pid=TOPH43DWGGSGNPA3&lid=LSTTOPH43DWGGSGNPA3KN8UWZ&marketplace=FLIPKART&store=clo%2Fash&spotlightTagId=default_BestsellerId_clo%2Fash&srno=b_1_14&otracker=browse&fm=organic&iid=4856b963-7f4a-4ced-8766-de78bd31fd2f.TOPH43DWGGSGNPA3.SEARCH&ppt=None&ppn=None&ssid=neoukak5o00000001753527898561,https://rukminim2.flixcart.com/image/612/612/xif0q/top/b/n/r/xxl-1-top-emb-d2-mahira-s-comfort-original-imahdr5xyymuphfm.jpeg?q=70
Pack of 2 Women Printed Round Neck Pure Cotton Multicolor T-Shirt,https://www.flipkart.com/dreambe-printed-women-round-neck-multicolor-t-shirt/p/itmebc3485415047?pid=TSHHCTRYNNAJVFWB&lid=LSTTSHHCTRYNNAJVFWBYH61PA&marketplace=FLIPKART&store=clo%2Fash&srno=b_1_15&otracker=browse&fm=organic&iid=4856b963-7f4a-4ced-8766-de78bd31fd2f.TSHHCTRYNNAJVFWB.SEARCH&ppt=None&ppn=None&ssid=neoukak5o00000001753527898561,https://rukminim2.flixcart.com/image/612/612/xif0q/t-shirt/g/k/x/s-disny-2-915-561-dreambe-original-imahctrynsrsgwwq.jpeg?q=70
Casual Regular Sleeves Self Design Women Brown Top,https://www.flipkart.com/sonic-fashion-casual-self-design-women-brown-top/p/itm0c6fe6623dcc7?pid=TOPGKN92RPTCRGEU&lid=LSTTOPGKN92RPTCRGEUGI9YO9&marketplace=FLIPKART&store=clo%2Fash&srno=b_1_16&otracker=browse&fm=organic&iid=4856b963-7f4a-4ced-8766-de78bd31fd2f.TOPGKN92RPTCRGEU.SEARCH&ppt=None&ppn=None&ssid=neoukak5o00000001753527898561,https://rukminim2.flixcart.com/image/612/612/xif0q/top/g/j/t/xxl-llo1-sonic-fashion-original-imah5sugdudaecxq.jpeg?q=70
Pack of 2 Women Colorblock Round Neck Polyester Multicolor T-Shirt,https://www.flipkart.com/white-moon-colorblock-women-round-neck-multicolor-t-shirt/p/itm9af7edcc369e3?pid=TSHGRABXUZNV9ZR7&lid=LSTTSHGRABXUZNV9ZR79OKG5V&marketplace=FLIPKART&store=clo%2Fash&srno=b_1_17&otracker=browse&fm=organic&iid=en_bqNBgaV2oSUa-MzVtoy7UVF85TKVY5L8JbrZQ4EtKiem5tsrWxYhVE3siRP8mdwb3mZ9BY1AZE0hDONXyl6S5A%3D%3D&ppt=None&ppn=None&ssid=neoukak5o00000001753527898561,https://rukminim2.flixcart.com/image/612/612/xif0q/t-shirt/z/t/3/xxl-wm-910-cgreen-black-2pc-white-moon-original-imah46gkwbjz2hz5.jpeg?q=70
Women Solid Round Neck Reversible Cotton Blend Black T-Shirt,https://www.flipkart.com/dollar-missy-solid-women-round-neck-reversible-black-t-shirt/p/itm0970f9eb16ab0?pid=TSHGT93STZ9HZYBE&lid=LSTTSHGT93STZ9HZYBEUFJ2W8&marketplace=FLIPKART&store=clo%2Fash&srno=b_1_18&otracker=browse&fm=organic&iid=en_bqNBgaV2oSUa-MzVtoy7UVF85TKVY5L8JbrZQ4EtKietPFGjB-mLznRZIBxv8iuDK11vlbhxISiAhbz8IqaDtg%3D%3D&ppt=None&ppn=None&ssid=neoukak5o00000001753527898561,https://rukminim2.flixcart.com/image/612/612/xif0q/t-shirt/d/5/l/-original-imah77nhhyujdx3b.jpeg?q=70
Casual Regular Sleeves Self Design Women Green Top,https://www.flipkart.com/max-casual-self-design-women-green-top/p/itm2029581aeb09f?pid=TOPGYUG9TWBXQ5HF&lid=LSTTOPGYUG9TWBXQ5HF0WG22U&marketplace=FLIPKART&store=clo%2Fash&srno=b_1_19&otracker=browse&fm=organic&iid=4856b963-7f4a-4ced-8766-de78bd31fd2f.TOPGYUG9TWBXQ5HF.SEARCH&ppt=None&ppn=None&ssid=neoukak5o00000001753527898561,https://rukminim2.flixcart.com/image/612/612/xif0q/top/b/o/b/xl-1-mariah1bdark-green-max-original-imagyug9ccjtsz3d.jpeg?q=70
Women Graphic Print Round Neck Pure Cotton Multicolor T-Shirt,https://www.flipkart.com/disney-dreambe-graphic-print-women-round-neck-multicolor-t-shirt/p/itmb483b1c4fa445?pid=TSHHD94FZBAHJGGU&lid=LSTTSHHD94FZBAHJGGUQYGWD4&marketplace=FLIPKART&store=clo%2Fash&srno=b_1_20&otracker=browse&fm=organic&iid=4856b963-7f4a-4ced-8766-de78bd31fd2f.TSHHD94FZBAHJGGU.SEARCH&ppt=None&ppn=None&ssid=neoukak5o00000001753527898561,https://rukminim2.flixcart.com/image/612/612/xif0q/t-shirt/6/r/k/xl-db03yankeesgrey-disney-by-dreambe-original-imahd93zzggwhtaj.jpeg?q=70
Lux Lyra Round Neck T-shirt - TS- 401 Women Solid Round Neck Pure Cotton White T-Shirt,https://www.flipkart.com/lyra-solid-women-round-neck-white-t-shirt/p/itme88c97122bb6a?pid=TSHF9KS6ZFQAFJAF&lid=LSTTSHF9KS6ZFQAFJAFE4H80W&marketplace=FLIPKART&store=clo%2Fash&srno=b_1_21&otracker=browse&fm=organic&iid=en_bqNBgaV2oSUa-MzVtoy7UVF85TKVY5L8JbrZQ4EtKicWuhxPrLdyJIxisJkTNDlYYnvYCdxcprJSK4uFBw4svcDbPjpExlWhmpgUQnOg2ao%3D&ppt=None&ppn=None&ssid=neoukak5o00000001753527898561,https://rukminim2.flixcart.com/image/612/612/xif0q/t-shirt/q/5/q/-original-imahbwnsvbhpdmkq.jpeg?q=70
Women Solid Round Neck Pure Cotton Red T-Shirt,https://www.flipkart.com/lyra-solid-women-round-neck-red-t-shirt/p/itmdb830a238efe1?pid=TSHGZK8TX2RSKCWU&lid=LSTTSHGZK8TX2RSKCWUQEAGUU&marketplace=FLIPKART&store=clo%2Fash&srno=b_1_22&otracker=browse&fm=organic&iid=en_bqNBgaV2oSUa-MzVtoy7UVF85TKVY5L8JbrZQ4EtKieN-Cqej6xgEgUOy52wulco6WQC9w6tDhP29sF2uC1olWJMZAJirnjvZRqZ0WhE16A%3D&ppt=None&ppn=None&ssid=neoukak5o00000001753527898561,https://rukminim2.flixcart.com/image/612/612/xif0q/t-shirt/6/j/b/l-lyra-rts-401-brd-lyra-original-imah382heh92achf.jpeg?q=70
Casual Regular Sleeves Printed Women White Top,https://www.flipkart.com/sangouri-casual-printed-women-white-top/p/itm9c9413caabee9?pid=TOPH2SSBGUP2ZVXF&lid=LSTTOPH2SSBGUP2ZVXFZH7QG1&marketplace=FLIPKART&store=clo%2Fash&srno=b_1_23&otracker=browse&fm=organic&iid=4856b963-7f4a-4ced-8766-de78bd31fd2f.TOPH2SSBGUP2ZVXF.SEARCH&ppt=None&ppn=None&ssid=neoukak5o00000001753527898561,https://rukminim2.flixcart.com/image/612/612/xif0q/top/h/b/d/l-1-formal-white-short-kurta-1060-sangouri-original-imahe5gd7vsgbcw3.jpeg?q=70
Casual Regular Sleeves Solid Women Brown Top,https://www.flipkart.com/dream-beauty-fashion-casual-solid-women-brown-top/p/itm2239f23fa2cd2?pid=TOPH2GGBZE3KH3GF&lid=LSTTOPH2GGBZE3KH3GF3YB95T&marketplace=FLIPKART&store=clo%2Fash&srno=b_1_24&otracker=browse&fm=organic&iid=4856b963-7f4a-4ced-8766-de78bd31fd2f.TOPH2GGBZE3KH3GF.SEARCH&ppt=None&ppn=None&ssid=neoukak5o00000001753527898561,https://rukminim2.flixcart.com/image/612/612/xif0q/top/s/q/w/xs-top-apple-new-coffee-dream-beauty-fashion-original-imah2gg3uesufvfx.jpeg?q=70
Lux Lyra Round Neck T-shirt - TS- 401 Women Solid Round Neck Pure Cotton Dark Blue T-Shirt,https://www.flipkart.com/lyra-solid-women-round-neck-dark-blue-t-shirt/p/itmb92d3d72c71ea?pid=TSHF9NYD7R4RGHH4&lid=LSTTSHF9NYD7R4RGHH46EUAQB&marketplace=FLIPKART&store=clo%2Fash&srno=b_1_25&otracker=browse&fm=organic&iid=en_bqNBgaV2oSUa-MzVtoy7UVF85TKVY5L8JbrZQ4EtKifQOqYXYmbl-4zPuGeHPKXBrCRqBQDddS96p1kIpwaaJSqhaHrzSI4OjvZa1DRoeKc%3D&ppt=None&ppn=None&ssid=neoukak5o00000001753527898561,https://rukminim2.flixcart.com/image/612/612/xif0q/t-shirt/f/4/e/l-lyra-rts-401-nb-1pc-lyra-original-imah3892zpzu4dzk.jpeg?q=70
Women Graphic Print Round Neck Pure Cotton Purple T-Shirt,https://www.flipkart.com/christy-world-graphic-print-women-round-neck-purple-t-shirt/p/itm62bb00aea46f6?pid=TSHGXN3NYM7QDZKK&lid=LSTTSHGXN3NYM7QDZKKVTSIIT&marketplace=FLIPKART&store=clo%2Fash&srno=b_1_26&otracker=browse&fm=organic&iid=4856b963-7f4a-4ced-8766-de78bd31fd2f.TSHGXN3NYM7QDZKK.SEARCH&ppt=None&ppn=None&ssid=neoukak5o00000001753527898561,https://rukminim2.flixcart.com/image/612/612/xif0q/t-shirt/v/6/z/3xl-wmn-ovrsize-544-purple-quin-fletcher-original-imagxmy8npukw7ar.jpeg?q=70
Women Solid Round Neck Polyester Black T-Shirt,https://www.flipkart.com/train-hard-everyday-solid-women-round-neck-black-t-shirt/p/itm596af1e8efbe0?pid=TSHGGH5CKGZNNBTG&lid=LSTTSHGGH5CKGZNNBTGRIHE75&marketplace=FLIPKART&store=clo%2Fash&srno=b_1_27&otracker=browse&fm=organic&iid=en_bqNBgaV2oSUa-MzVtoy7UVF85TKVY5L8JbrZQ4EtKidpAlL68Ith5nmacHRkrmIn7EUaV8Lg8nYJ97ofvj3_qQ%3D%3D&ppt=None&ppn=None&ssid=neoukak5o00000001753527898561,https://rukminim2.flixcart.com/image/612/612/xif0q/t-shirt/5/a/e/xl-women-compression-tshirt-ultima-train-hard-everyday-original-imah7krstnzrp33g.jpeg?q=70
"Women Colorblock Hooded Neck Cotton Blend Maroon, Black T-Shirt",https://www.flipkart.com/base-41-colorblock-women-hooded-neck-maroon-black-t-shirt/p/itm198e4a4826c41?pid=TSHFVBARG2XXX8YV&lid=LSTTSHFVBARG2XXX8YV9VKREY&marketplace=FLIPKART&store=clo%2Fash&srno=b_1_28&otracker=browse&fm=organic&iid=en_bqNBgaV2oSUa-MzVtoy7UVF85TKVY5L8JbrZQ4EtKicXiXPBOBFIdLE1mwAMWn5yBQGvd47ZklqFoYg9PKWVCA%3D%3D&ppt=None&ppn=None&ssid=neoukak5o00000001753527898561,https://rukminim2.flixcart.com/image/612/612/xif0q/t-shirt/f/9/m/xxl-w-hood-maroon-base-41-original-imah696egxahhwgg.jpeg?q=70
Women Regular Fit Solid Spread Collar Casual Shirt,https://www.flipkart.com/tokyo-talkies-women-solid-casual-white-shirt/p/itm49ec125f74790?pid=SHTGPZAZZS7NMQE2&lid=LSTSHTGPZAZZS7NMQE2ECARDM&marketplace=FLIPKART&store=clo%2Fash&srno=b_1_29&otracker=browse&fm=organic&iid=4856b963-7f4a-4ced-8766-de78bd31fd2f.SHTGPZAZZS7NMQE2.SEARCH&ppt=None&ppn=None&ssid=neoukak5o00000001753527898561,https://rukminim2.flixcart.com/image/612/612/xif0q/shirt/y/6/1/s-ttsh001438-tokyo-talkies-original-imagpzaz3dazupuc.jpeg?q=70
Casual Regular Sleeves Printed Women Multicolor Top,https://www.flipkart.com/tandul-casual-printed-women-multicolor-top/p/itm4a42e07c160aa?pid=TOPH4EEWW5YSQ3A8&lid=LSTTOPH4EEWW5YSQ3A8P8ULBX&marketplace=FLIPKART&store=clo%2Fash&srno=b_1_30&otracker=browse&fm=organic&iid=4856b963-7f4a-4ced-8766-de78bd31fd2f.TOPH4EEWW5YSQ3A8.SEARCH&ppt=None&ppn=None&ssid=neoukak5o00000001753527898561,https://rukminim2.flixcart.com/image/612/612/xif0q/top/m/k/o/m-9959-tandul-original-imah4eewz6nz29fx.jpeg?q=70
Pack of 2 Women Solid Round Neck Polyester Multicolor T-Shirt,https://www.flipkart.com/mack-jonney-solid-women-round-neck-multicolor-t-shirt/p/itmc30a2cf306e79?pid=TSHGDHZ4C3NSQRZG&lid=LSTTSHGDHZ4C3NSQRZGGHCLW0&marketplace=FLIPKART&store=clo%2Fash&srno=b_1_31&otracker=browse&fm=organic&iid=en_bqNBgaV2oSUa-MzVtoy7UVF85TKVY5L8JbrZQ4EtKicOPDYpnC3zMQiRKqZNkkHaqk6EIkUuCChH4V-UwfRFNw%3D%3D&ppt=None&ppn=None&ssid=neoukak5o00000001753527898561,https://rukminim2.flixcart.com/image/612/612/l22724w0/t-shirt/0/k/s/s-dryfit-t-blk-gry-002-vimal-jonney-original-imagdhz4gkcpymff.jpeg?q=70
Women Solid Round Neck Pure Cotton Green T-Shirt,https://www.flipkart.com/lyra-solid-women-round-neck-green-t-shirt/p/itm1d0c0d42b32ed?pid=TSHGZK8UVGSJCZZP&lid=LSTTSHGZK8UVGSJCZZPRA8CCQ&marketplace=FLIPKART&store=clo%2Fash&srno=b_1_32&otracker=browse&fm=organic&iid=en_bqNBgaV2oSUa-MzVtoy7UVF85TKVY5L8JbrZQ4EtKid9bcIDuf5VxTNmtmZyDHJYxNA9aPebh03YPinOjZhamL3nN5BP0oUQf7sdSRT1im4%3D&ppt=None&ppn=None&ssid=neoukak5o00000001753527898561,https://rukminim2.flixcart.com/image/612/612/xif0q/t-shirt/s/e/s/xxl-lyra-rts-401-ygn-lyra-original-imahbzhwbqadtckz.jpeg?q=70
Casual Regular Sleeves Solid Women Light Blue Top,https://www.flipkart.com/dream-beauty-fashion-casual-solid-women-light-blue-top/p/itm1d554a38fccc8?pid=TOPHAVYPXPV5UHKH&lid=LSTTOPHAVYPXPV5UHKHUJ7LW8&marketplace=FLIPKART&store=clo%2Fash&srno=b_1_33&otracker=browse&fm=organic&iid=4856b963-7f4a-4ced-8766-de78bd31fd2f.TOPHAVYPXPV5UHKH.SEARCH&ppt=None&ppn=None&ssid=neoukak5o00000001753527898561,https://rukminim2.flixcart.com/image/612/612/xif0q/top/u/0/g/m-tee225-tally-lavender-dream-beauty-fashion-original-imahavypz6tpsvdg.jpeg?q=70
Casual Regular Sleeves Solid Women Blue Top,https://www.flipkart.com/thawar-ji-casual-solid-women-blue-top/p/itm5948e6518d9e4?pid=TOPGMMBPR8USGBHC&lid=LSTTOPGMMBPR8USGBHCMSDKPC&marketplace=FLIPKART&store=clo%2Fash&srno=b_1_34&otracker=browse&fm=organic&iid=4856b963-7f4a-4ced-8766-de78bd31fd2f.TOPGMMBPR8USGBHC.SEARCH&ppt=None&ppn=None&ssid=neoukak5o00000001753527898561,https://rukminim2.flixcart.com/image/612/612/xif0q/top/k/0/i/xxl-southcottontop-thawar-ji-original-imagmng3dtqttqz8.jpeg?q=70
Women Solid Round Neck Pure Cotton Grey T-Shirt,https://www.flipkart.com/lyra-solid-women-round-neck-grey-t-shirt/p/itmbc9b52c5d9357?pid=TSHG8DFFFKK8ZZES&lid=LSTTSHG8DFFFKK8ZZESI9DUHH&marketplace=FLIPKART&store=clo%2Fash&srno=b_1_35&otracker=browse&fm=organic&iid=en_bqNBgaV2oSUa-MzVtoy7UVF85TKVY5L8JbrZQ4EtKifhGZEVOMuxZQLorDiBvqXzRLtYzM_FEXw8USXlD13RqAAlvNo-tguW1XjLLiPm_o8%3D&ppt=None&ppn=None&ssid=neoukak5o00000001753527898561,https://rukminim2.flixcart.com/image/612/612/xif0q/t-shirt/r/s/a/-original-imahbwntseggscfy.jpeg?q=70
Pack of 2 Women Printed Round Neck Cotton Blend Multicolor T-Shirt,https://www.flipkart.com/infirax-printed-women-round-neck-multicolor-t-shirt/p/itmf34e4b12416c5?pid=TSHGYHPE8DTY3ZCN&lid=LSTTSHGYHPE8DTY3ZCNBL07IX&marketplace=FLIPKART&store=clo%2Fash&srno=b_1_36&otracker=browse&fm=organic&iid=4856b963-7f4a-4ced-8766-de78bd31fd2f.TSHGYHPE8DTY3ZCN.SEARCH&ppt=None&ppn=None&ssid=neoukak5o00000001753527898561,https://rukminim2.flixcart.com/image/612/612/xif0q/t-shirt/f/2/j/m-women-printed-2-combo-t-shirt-infirax-original-imagyhpeawz3wnts.jpeg?q=70
Lux Lyra Round Neck T-shirt - TS- 401 Women Solid Round Neck Pure Cotton Dark Blue T-Shirt,https://www.flipkart.com/lyra-solid-women-round-neck-dark-blue-t-shirt/p/itmbd19c09ab2022?pid=TSHF9NYDTGKHCGGP&lid=LSTTSHF9NYDTGKHCGGPIPGPKK&marketplace=FLIPKART&store=clo%2Fash&srno=b_1_37&otracker=browse&fm=organic&iid=en_bqNBgaV2oSUa-MzVtoy7UVF85TKVY5L8JbrZQ4EtKif_A0E8Ovsd4HJwXvUvqc-2vttiJEUgu9aA4EJzH77VjFnKu_QkFD98oDn_xgTUm2M%3D&ppt=None&ppn=None&ssid=neoukak5o00000001753527898561,https://rukminim2.flixcart.com/image/612/612/xif0q/t-shirt/f/4/e/l-lyra-rts-401-nb-1pc-lyra-original-imah3892zpzu4dzk.jpeg?q=70
Women Solid V Neck Viscose Rayon Black T-Shirt,https://www.flipkart.com/color-capital-solid-women-v-neck-black-t-shirt/p/itm97dadc9524ca7?pid=TSHGYN7MYYXFF3KY&lid=LSTTSHGYN7MYYXFF3KYNIKWCH&marketplace=FLIPKART&store=clo%2Fash&srno=b_1_38&otracker=browse&fm=organic&iid=en_bqNBgaV2oSUa-MzVtoy7UVF85TKVY5L8JbrZQ4EtKidq_90WZ5qqaL6gyutMtPTlIV9ia4qUFWzqdiwZdl5OhQ%3D%3D&ppt=None&ppn=None&ssid=neoukak5o00000001753527898561,https://rukminim2.flixcart.com/image/612/612/xif0q/t-shirt/f/3/w/m-u30-131-black-color-capital-original-imagyn7mhghd9hkm.jpeg?q=70
"Women Printed, Typography Round Neck Cotton Blend Purple T-Shirt",https://www.flipkart.com/decency-printed-typography-women-round-neck-purple-t-shirt/p/itm34adea8b18958?pid=TSHGRFEGAPEHAZHP&lid=LSTTSHGRFEGAPEHAZHPNMZFJO&marketplace=FLIPKART&store=clo%2Fash&srno=b_1_39&otracker=browse&fm=organic&iid=4856b963-7f4a-4ced-8766-de78bd31fd2f.TSHGRFEGAPEHAZHP.SEARCH&ppt=None&ppn=None&ssid=neoukak5o00000001753527898561,https://rukminim2.flixcart.com/image/612/612/xif0q/t-shirt/6/v/s/m-sg-05-decency-original-imagrfe9h65qhaz9.jpeg?q=70
Casual Regular Sleeves Printed Women Pink Top,https://www.flipkart.com/glitchez-casual-printed-women-pink-top/p/itm02530b84960df?pid=TOPHBS4UDTMUNSJH&lid=LSTTOPHBS4UDTMUNSJHSZEKNP&marketplace=FLIPKART&store=clo%2Fash&srno=b_1_40&otracker=browse&fm=organic&iid=4856b963-7f4a-4ced-8766-de78bd31fd2f.TOPHBS4UDTMUNSJH.SEARCH&ppt=None&ppn=None&ssid=neoukak5o00000001753527898561,https://rukminim2.flixcart.com/image/612/612/xif0q/top/x/q/x/m-1-32157540-glitchez-original-imahbs4juagskgzg.jpeg?q=70
