product name,url,image url,price
Women Solid Crew Neck Cotton Blend Dark Green T-Shirt,https://fkrt.cc/gr1gvhg,https://rukminim2.flixcart.com/image/612/612/xif0q/t-shirt/s/7/i/-original-imah77nhzp6pzupz.jpeg?q=70,? 359
Women Solid Crew Neck Cotton Blend Black T-Shirt,https://fkrt.cc/gjIR9Rj,https://rukminim2.flixcart.com/image/612/612/xif0q/t-shirt/d/5/l/-original-imah77nhhyujdx3b.jpeg?q=70,? 359
Casual Flared Sleeves Solid Women Black Top,https://fkrt.cc/geQfYaX,https://rukminim2.flixcart.com/image/612/612/xif0q/top/x/t/1/xxl-1-v-neck-black-top-s-anamwear-original-imahec5rvjspg53z.jpeg?q=70,? 219
Women Printed Round Neck Pure Cotton White T-Shirt,https://fkrt.cc/geqju5M,https://rukminim2.flixcart.com/image/612/612/xif0q/t-shirt/7/j/x/s-california-white-hipop-original-imah5tzbzyyuyhzy.jpeg?q=70,? 341
Oversized Women Solid Round Neck Pure Cotton Red T-Shirt,https://fkrt.cc/gDEBn44,https://rukminim2.flixcart.com/image/612/612/xif0q/t-shirt/e/f/m/s-os-jb-red-s-juneberry-original-imahcas4zwsjq26s.jpeg?q=70,? 379
Women Solid Crew Neck Cotton Blend White T-Shirt,https://fkrt.cc/goROf4P,https://rukminim2.flixcart.com/image/612/612/xif0q/t-shirt/q/0/w/-original-imah77nhrrnca7gv.jpeg?q=70,? 359
Formal Regular Sleeves Floral Print Women Pink Top,https://fkrt.cc/gRtQ1NE,https://rukminim2.flixcart.com/image/612/612/xif0q/top/4/a/x/m-pink003-vrishabhanulali-original-imah5thdjhyagzzm.jpeg?q=70,? 249
Casual Regular Sleeves Printed Women Multicolor Top,https://fkrt.cc/g4Z6rox,https://rukminim2.flixcart.com/image/612/612/xif0q/top/0/w/9/xl-pali-wal-01-paliwalarts-original-imagx8mgs6kckkxm.jpeg?q=70,? 267
Women Printed Round Neck Polyester Black T-Shirt,https://fkrt.cc/gRGppWr,https://rukminim2.flixcart.com/image/612/612/xif0q/t-shirt/j/h/y/m-22540042-hrx-by-hrithik-roshan-original-imahbs2awuvf7apz.jpeg?q=70,? 899
Women Boxy Fit Graphic Print Lapel Collar Casual Shirt,https://fkrt.cc/gRiGfNJ,https://rukminim2.flixcart.com/image/612/612/xif0q/shirt/r/x/k/xl-e1730-5-ekasya-original-imahckxp2ucg2c2a.jpeg?q=70,? 299
Women Solid Polo Neck Cotton Blend Black T-Shirt,https://fkrt.cc/gBX26S5,https://rukminim2.flixcart.com/image/612/612/xif0q/t-shirt/l/x/d/-original-imah77nhhfy9zzad.jpeg?q=70,? 440
Boyfriend Oversized Women Solid Round Neck Pure Cotton Blue T-Shirt,https://fkrt.cc/gr2JxaV,https://rukminim2.flixcart.com/image/612/612/xif0q/t-shirt/m/3/q/s-jts0324pl39-juneberry-original-imahfkyqgzcf2ymg.jpeg?q=70,? 399
Women Regular Fit Self Design Button Down Collar Casual Shirt,https://fkrt.cc/gUrr5A9,https://rukminim2.flixcart.com/image/612/612/xif0q/shirt/w/3/2/xxl-a15064-sheetal-associates-original-imah49y26mzgsby3.jpeg?q=70,? 348
Party Regular Sleeves Embroidered Women Multicolor Top,https://fkrt.cc/glxm8LC,https://rukminim2.flixcart.com/image/612/612/xif0q/top/b/n/r/xxl-1-top-emb-d2-mahira-s-comfort-original-imahdr5xyymuphfm.jpeg?q=70,? 237
Pack of 2 Women Printed Round Neck Pure Cotton Multicolor T-Shirt,https://fkrt.cc/gPCrfhX,https://rukminim2.flixcart.com/image/612/612/xif0q/t-shirt/g/k/x/s-disny-2-915-561-dreambe-original-imahctrynsrsgwwq.jpeg?q=70,? 448
Casual Regular Sleeves Self Design Women Brown Top,https://fkrt.cc/gL5EFAT,https://rukminim2.flixcart.com/image/612/612/xif0q/top/g/j/t/xxl-llo1-sonic-fashion-original-imah5sugdudaecxq.jpeg?q=70,? 169
Pack of 2 Women Colorblock Round Neck Polyester Multicolor T-Shirt,https://fkrt.cc/gBPbnrI,https://rukminim2.flixcart.com/image/612/612/xif0q/t-shirt/z/t/3/xxl-wm-910-cgreen-black-2pc-white-moon-original-imah46gkwbjz2hz5.jpeg?q=70,? 444
Women Solid Round Neck Reversible Cotton Blend Black T-Shirt,https://fkrt.cc/gCq345t,https://rukminim2.flixcart.com/image/612/612/xif0q/t-shirt/d/5/l/-original-imah77nhhyujdx3b.jpeg?q=70,? 359
Casual Regular Sleeves Self Design Women Green Top,https://fkrt.cc/gboRfF5,https://rukminim2.flixcart.com/image/612/612/xif0q/top/b/o/b/xl-1-mariah1bdark-green-max-original-imagyug9ccjtsz3d.jpeg?q=70,? 269
Women Graphic Print Round Neck Pure Cotton Multicolor T-Shirt,https://fkrt.cc/g44b5lw,https://rukminim2.flixcart.com/image/612/612/xif0q/t-shirt/6/r/k/xl-db03yankeesgrey-disney-by-dreambe-original-imahd93zzggwhtaj.jpeg?q=70,? 358
Lux Lyra Round Neck T-shirt - TS- 401 Women Solid Round Neck Pure Cotton White T-Shirt,https://fkrt.cc/gYeE0bV,https://rukminim2.flixcart.com/image/612/612/xif0q/t-shirt/q/5/q/-original-imahbwnsvbhpdmkq.jpeg?q=70,? 329
Women Solid Round Neck Pure Cotton Red T-Shirt,https://fkrt.cc/gLHPEC8,https://rukminim2.flixcart.com/image/612/612/xif0q/t-shirt/6/j/b/l-lyra-rts-401-brd-lyra-original-imah382heh92achf.jpeg?q=70,? 351
Casual Regular Sleeves Printed Women White Top,https://fkrt.cc/gfEauC9,https://rukminim2.flixcart.com/image/612/612/xif0q/top/h/b/d/l-1-formal-white-short-kurta-1060-sangouri-original-imahe5gd7vsgbcw3.jpeg?q=70,? 243
Casual Regular Sleeves Solid Women Brown Top,https://fkrt.cc/gyVUjwu,https://rukminim2.flixcart.com/image/612/612/xif0q/top/s/q/w/xs-top-apple-new-coffee-dream-beauty-fashion-original-imah2gg3uesufvfx.jpeg?q=70,? 224
Lux Lyra Round Neck T-shirt - TS- 401 Women Solid Round Neck Pure Cotton Dark Blue T-Shirt,https://fkrt.cc/gKjaUlX,https://rukminim2.flixcart.com/image/612/612/xif0q/t-shirt/f/4/e/l-lyra-rts-401-nb-1pc-lyra-original-imah3892zpzu4dzk.jpeg?q=70,? 329
Women Graphic Print Round Neck Pure Cotton Purple T-Shirt,https://fkrt.cc/gHu4e1m,https://rukminim2.flixcart.com/image/612/612/xif0q/t-shirt/v/6/z/3xl-wmn-ovrsize-544-purple-quin-fletcher-original-imagxmy8npukw7ar.jpeg?q=70,? 294
Women Solid Round Neck Polyester Black T-Shirt,https://fkrt.cc/gajtTx0,https://rukminim2.flixcart.com/image/612/612/xif0q/t-shirt/5/a/e/xl-women-compression-tshirt-ultima-train-hard-everyday-original-imah7krstnzrp33g.jpeg?q=70,? 339
Women Colorblock Hooded Neck Cotton Blend Maroon Black T-Shirt,https://fkrt.cc/gnkblCM,https://rukminim2.flixcart.com/image/612/612/xif0q/t-shirt/f/9/m/xxl-w-hood-maroon-base-41-original-imah696egxahhwgg.jpeg?q=70,? 264
Women Regular Fit Solid Spread Collar Casual Shirt,https://fkrt.cc/gI3r5Ow,https://rukminim2.flixcart.com/image/612/612/xif0q/shirt/y/6/1/s-ttsh001438-tokyo-talkies-original-imagpzaz3dazupuc.jpeg?q=70,? 224
Casual Regular Sleeves Printed Women Multicolor Top,https://fkrt.cc/g9sr0nY,https://rukminim2.flixcart.com/image/612/612/xif0q/top/m/k/o/m-9959-tandul-original-imah4eewz6nz29fx.jpeg?q=70,? 420
Pack of 2 Women Solid Round Neck Polyester Multicolor T-Shirt,https://fkrt.cc/gUXFfk7,https://rukminim2.flixcart.com/image/612/612/l22724w0/t-shirt/0/k/s/s-dryfit-t-blk-gry-002-vimal-jonney-original-imagdhz4gkcpymff.jpeg?q=70,? 373
Women Solid Round Neck Pure Cotton Green T-Shirt,https://fkrt.cc/gAo0E2G,https://rukminim2.flixcart.com/image/612/612/xif0q/t-shirt/s/e/s/xxl-lyra-rts-401-ygn-lyra-original-imahbzhwbqadtckz.jpeg?q=70,? 329
Casual Regular Sleeves Solid Women Light Blue Top,https://fkrt.cc/gMwQ2mO,https://rukminim2.flixcart.com/image/612/612/xif0q/top/u/0/g/m-tee225-tally-lavender-dream-beauty-fashion-original-imahavypz6tpsvdg.jpeg?q=70,? 222
Casual Regular Sleeves Solid Women Blue Top,https://fkrt.cc/gt6gPPQ,https://rukminim2.flixcart.com/image/612/612/xif0q/top/k/0/i/xxl-southcottontop-thawar-ji-original-imagmng3dtqttqz8.jpeg?q=70,? 336
Women Solid Round Neck Pure Cotton Grey T-Shirt,https://fkrt.cc/g8k7iuG,https://rukminim2.flixcart.com/image/612/612/xif0q/t-shirt/r/s/a/-original-imahbwntseggscfy.jpeg?q=70,? 329
Pack of 2 Women Printed Round Neck Cotton Blend Multicolor T-Shirt,https://fkrt.cc/gCINqWS,https://rukminim2.flixcart.com/image/612/612/xif0q/t-shirt/f/2/j/m-women-printed-2-combo-t-shirt-infirax-original-imagyhpeawz3wnts.jpeg?q=70,? 379
Lux Lyra Round Neck T-shirt - TS- 401 Women Solid Round Neck Pure Cotton Dark Blue T-Shirt,https://fkrt.cc/galr1yM,https://rukminim2.flixcart.com/image/612/612/xif0q/t-shirt/f/4/e/l-lyra-rts-401-nb-1pc-lyra-original-imah3892zpzu4dzk.jpeg?q=70,? 329
Women Solid V Neck Viscose Rayon Black T-Shirt,https://fkrt.cc/giLwlst,https://rukminim2.flixcart.com/image/612/612/xif0q/t-shirt/f/3/w/m-u30-131-black-color-capital-original-imagyn7mhghd9hkm.jpeg?q=70,? 391
Women Printed Typography Round Neck Cotton Blend Purple T-Shirt,https://fkrt.cc/gUvISiV,https://rukminim2.flixcart.com/image/612/612/xif0q/t-shirt/6/v/s/m-sg-05-decency-original-imagrfe9h65qhaz9.jpeg?q=70,? 224
Casual Regular Sleeves Printed Women Pink Top,https://fkrt.cc/gcAJp11,https://rukminim2.flixcart.com/image/612/612/xif0q/top/x/q/x/m-1-32157540-glitchez-original-imahbs4juagskgzg.jpeg?q=70,? 577
